{"chunk_definitions":[{"row":85,"row_count":1,"visible":true,"expansion_state":0,"options":{"engine":"r","echo":false,"message":false,"warning":false,"paged.print":false,"fig.showtext":true,"label":"unnamed-chunk-1"},"document_id":"0A35483F","chunk_id":"cw17doy3ifslp","chunk_label":"unnamed-chunk-1"},{"row":92,"row_count":1,"visible":true,"expansion_state":0,"options":{"engine":"r","fig.width":14,"fig.height":"figureheight","label":"unnamed-chunk-2"},"document_id":"0A35483F","chunk_id":"cth537fbeasqk","chunk_label":"unnamed-chunk-2"},{"row":138,"row_count":1,"visible":true,"expansion_state":0,"options":{"engine":"r","label":"SimuBasisNumber_new2","fig.width":12,"fig.height":"figureheight"},"document_id":"0A35483F","chunk_id":"cwz4k532ufbnr","chunk_label":"SimuBasisNumber_new2"},{"row":189,"row_count":1,"visible":true,"expansion_state":0,"options":{},"document_id":"0A35483F","chunk_id":"c1vuohtk3886h","chunk_label":"SimuPatientNumber_new"},{"row":250,"row_count":1,"visible":true,"expansion_state":0,"options":{},"document_id":"0A35483F","chunk_id":"chpde495hmll6","chunk_label":"SimuPatientNumber_new2"},{"row":342,"row_count":1,"visible":true,"expansion_state":0,"options":{"engine":"r","label":"SimuPatientVarOvB","fig.height":"figureheight","fig.showtext":true,"fig.width":15,"message":false,"warning":false},"document_id":"0A35483F","chunk_id":"cupjgk6yhm05p","chunk_label":"SimuPatientVarOvB"}],"doc_write_time":1684804318}