"0","knitr::opts_chunk$set(echo = FALSE,"
"0","                      warning = FALSE,"
"0","                      message = FALSE,"
"0","                      dpi = 600,"
"0","                      dev = ""png"")"
"0","library(kableExtra)"
"0","library(metR)"
"0","library(scales)"
"0","library(gganimate)"
"0","library(extrafont)"
"0","library(readxl)"
"0","library(ggthemes)"
"0","library(stringr)"
"0","library(viridis)"
"0","library(knitr)"
"0","library(latex2exp)"
"0","library(mmand)"
"0","library(RColorBrewer)"
"0","library(gridExtra)"
"0","library(grid)"
"0","library(lattice)"
"0","library(tidyverse)"
"0","library(rstatix) #coherent with the 'tidyverse'"
"0","library(mgcv)"
"0","library(gratia) # graphics and utility functions for working with (GAMs) fitted using the 'mgcv' package"
"0","library(MASS)"
"0","library(lme4)"
"0","library(glmnet)"
"0","library(c060) #model selection"
"0","library(usedist)"
"0","library(cluster)"
"0","library(dendextend) #tree-like structure"
"0","library(qgraph)"
"0",""
"0","labels_method <- c(""Dist"","
"0","                 ""WE"","
"0","                 ""KM"","
"0","                 ""KMD"","
"0","                 ""KMWE"")"
"0","levels_method <- c(""Dist"","
"0","                 ""Exp(lam)"","
"0","                 ""K-means"","
"0","                 ""K(dist)"","
"0","                 ""K(lam)"")"
"0","Method_name<-levels_method"
"0",""
"0",""
"0","# # For regular text"
"0","library(showtext)"
"0","font_add(family = ""LM Roman"","
"0","         regular = here::here(""Fonts"","
"0","                             ""lmroman12-regular.otf""))"
"0","showtext_auto()"
"0","theme_set(theme_bw())"
"0","theme_update(text=element_text(family = ""LM Roman""))"
"0",""
"0",""
"0","title_size = 20"
"0","text_size = 20"
"0","label_size = 18"
"0","legend_size = 18"
"0",""
"0","colors_r <- RColorBrewer::brewer.pal(8,""Dark2"")"
"0","cols_v <- RColorBrewer::brewer.pal(12,""Paired"")"
"0",""
"0",""
"0","pi_scales <- math_format(.x * pi, format = function(x) x / pi)"
"0","breaks_pi <- seq(0,2*pi,pi/2)"
"0","breaks_phi <- seq(0,pi/2,pi/8)"
"0","long_breaks_pi <- seq(0,2*pi*16,2*pi)"
"0",""
"0","n_knots <- 60"
"0",""
"0","figureheight = 5"
"0",""
