"0","load(file=here::here(""Results"","
"0","                     ""Simu_pop_Pvar_beta_ps_Signal_error_wBase.Rdata""))"
"0","p0<-Signal_Error%>%   # mutate(beta_t = factor(beta_t,labels = levels_variance),"
"0","  mutate(var_t = factor(var_t,labels = c('1','2','4','5')),"
"0","         beta_t = factor(beta_t),#,labels = levels_variance),"
"0","         num_p = factor(num_p),"
"0","         method =factor(method, labels = labels_method))%>%"
"0","  filter(method == labels_method[2],"
"0","         type == 'sensor',"
"0","         lab == 'Corrected')%>%"
"0","  ggplot(aes(x = var_t, "
"0","             y = mare,"
"0","             fill= num_p)) +   "
"0","  geom_boxplot(alpha=0.7)+"
"0","  coord_cartesian(ylim = c(0.05,0.3))+"
"0","  scale_y_log10()+"
"0","  labs(x=""Variance*100"","
"0","       y=""log(MARE)"","
"0","       title = '(a)')+ "
"0","  guides(fill=guide_legend(""Number of Patients"",nrow=2))+"
"0","  theme(axis.text.x=element_text(color=""black"", size = label_size),"
"0","        axis.text.y=element_text(color=""black"", size = label_size),"
"0","        legend.text = element_text(size = label_size-2),"
"0","        text=element_text(size = text_size),"
"0","        strip.text = element_text(size = text_size),"
"0","        legend.position='bottom',"
"0","        plot.title = element_text(hjust = 0.02, vjust = -9,size = text_size))+"
"0","  scale_fill_brewer(palette=""Set2"")"
"0",""
"0","p1 <- Signal_Error%>%   # mutate(beta_t = factor(beta_t,labels = levels_variance),"
"0","  mutate(var_t = factor(var_t,labels = c('1','2','4','5')),"
"0","         beta_t = factor(beta_t),#,labels = levels_variance),"
"0","         num_p = factor(num_p),"
"0","         method =factor(method, labels = labels_method))%>%"
"0","  filter(method == labels_method[2],"
"0","         type == 'sensor',"
"0","         beta_t == 2)%>%"
"0","  ggplot(aes(x = num_p, "
"0","             y = mare,"
"0","             fill= lab)) +   "
"0","  geom_boxplot(alpha=0.7)+"
"0","  coord_cartesian(ylim = c(0.05,0.3))+"
"0","  scale_y_log10()+"
"0","  labs(x=""Number of Patients"","
"0","       y=""log(MARE)"","
"0","       title ='(b)')+ "
"0","  guides(fill=guide_legend(""Variance: 0.05"",nrow=2))+"
"0","  # labs(fill=""Variance = 0.05"")+"
"0","    theme(axis.text.x=element_text(color=""black"", size = label_size),"
"0","        axis.text.y=element_text(color=""black"", size = label_size),"
"0","        legend.text = element_text(size = label_size-2),"
"0","        text=element_text(size = text_size),"
"0","        strip.text = element_text(size = text_size),"
"0","        legend.position='bottom',"
"0","        plot.title = element_text(hjust = 0.02, vjust = -9,size = text_size))+"
"0","  scale_fill_brewer(palette='YlOrBr')"
"0",""
"0","p2 <- Signal_Error%>%   # mutate(beta_t = factor(beta_t,labels = levels_variance),"
"0","  mutate(var_t = factor(var_t,labels = c('1','2','4','5')),"
"0","         beta_t = factor(beta_t),#,labels = levels_variance),"
"0","         num_p = factor(num_p),"
"0","         method =factor(method, labels = labels_method))%>%"
"0","  filter(method == labels_method[2],"
"0","         type == 'sensor',"
"0","         num_p == 50)%>%"
"0","  ggplot(aes(x = var_t, "
"0","             y = mare,"
"0","             fill= lab)) +   "
"0","  geom_boxplot(alpha=0.7)+"
"0","  coord_cartesian(ylim = c(0.05,0.3))+"
"0","  scale_y_log10()+"
"0","  labs(x=""Variance*100"","
"0","       y=""log(MARE)"","
"0","       title = '(c)')+ "
"0","  guides(fill=guide_legend(""Number of patients: 50"",nrow=2))+"
"0","  theme(axis.text.x=element_text(color=""black"", size = label_size),"
"0","        axis.text.y=element_text(color=""black"", size = label_size),"
"0","        legend.text = element_text(size = label_size-2),"
"0","        text=element_text(size = text_size),"
"0","        strip.text = element_text(size = text_size),"
"0","        legend.position='bottom',"
"0","        plot.title = element_text(hjust = 0.02, vjust = -9,size = text_size))+"
"0","  scale_fill_brewer(palette='')"
"0",""
"0","p<- grid.arrange(p0,p1,p2,nrow=1,widths = c(0.45, 0.4,0.4))"
