{"chunk_definitions":[{"row":85,"row_count":1,"visible":true,"expansion_state":0,"options":{"engine":"r","echo":false,"message":false,"warning":false,"paged.print":false,"fig.showtext":true,"label":"unnamed-chunk-1"},"document_id":"0A35483F","chunk_id":"cw17doy3ifslp","chunk_label":"unnamed-chunk-1"},{"row":92,"row_count":1,"visible":true,"expansion_state":0,"options":{"engine":"r","fig.width":14,"fig.height":"figureheight","label":"unnamed-chunk-3"},"document_id":"0A35483F","chunk_id":"cth537fbeasqk","chunk_label":"unnamed-chunk-2"},{"row":138,"row_count":1,"visible":true,"expansion_state":0,"options":{"engine":"r","label":"SimuBasisNumber_new2","fig.width":12,"fig.height":"figureheight"},"document_id":"0A35483F","chunk_id":"cwz4k532ufbnr","chunk_label":"SimuBasisNumber_new2"},{"row":229,"row_count":1,"visible":true,"expansion_state":0,"options":{"engine":"r","label":"SimuPatientVarOvB","fig.height":"figureheight","fig.showtext":true,"fig.width":15,"message":false,"warning":false},"document_id":"0A35483F","chunk_id":"cc4j8q24dtf2v","chunk_label":"SimuPatientVarOvB"},{"row":271,"row_count":1,"visible":true,"expansion_state":0,"options":{},"document_id":"0A35483F","chunk_id":"c4kg28krmll4s","chunk_label":"SimuPatientNumber_b2"}],"doc_write_time":1684864572}