"0","p1 <- Signal_Error%>%   # mutate(beta_t = factor(beta_t,labels = levels_variance),
  mutate(var_t = factor(var_t,labels = c('1','2','4','5')),
         beta_t = factor(beta_t),#,labels = levels_variance),
         num_p = factor(num_p),
         method =factor(method, labels = labels_method))%>%
  filter(method == labels_method[2],
         type == 'sensor',
         beta_t == 2)%>%
  ggplot(aes(x = num_p, 
             y = mare,
             fill= lab)) +   
  geom_boxplot(alpha=0.7)+
  coord_cartesian(ylim = c(0.05,0.3))+
  scale_y_log10()+
  labs(x=""Number of Patients"",
       y=""log(MARE)"",
       title ='(b)')+ 
  guides(fill=guide_legend(""Variance = 0.05"",nrow=2))+
  # labs(fill=""Variance = 0.05"")+
    theme(axis.text.x=element_text(color=""black"", size = label_size),
        axis.text.y=element_text(color=""black"", size = label_size),
        legend.text = element_text(size = label_size-2),
        text=element_text(size = text_size),
        strip.text = element_text(size = text_size),
        legend.position='bottom',
        plot.title = element_text(hjust = 0.02, vjust = -9,size = text_size))+
  scale_fill_brewer(palette='YlOrBr')
"
"2","Error in Signal_Error %>% mutate(var_t = factor(var_t, labels = c(""1"",  : 
  could not find function ""%>%""
"
