"0","NoCorrection <- Signal_Error%>%"
"0","      filter(method == 'Exp(lam)',"
"0","         type == 'sensor',"
"0","         bm == 'ps',"
"0","         num_p==50,"
"0","         km == 5,"
"0","         lab=='Original')"
"0",""
"0","mean_noc <- median(NoCorrection$mare)"
"0","cutoff <- data.frame(yintercept=mean_noc, cutoff=factor('Mean'))"
"0",""
"0","  "
"0","Signal_Error%>%"
"0","  filter(type=='sensor',"
"0","         num_p==50,"
"0","         lab=='Corrected')%>%"
"0","  mutate(num_p=as.factor(num_p),"
"0","         bm = factor(bm,labels = c('P-splines','Thin Plate Regression Splines')),"
"0","         km = as.factor(km),"
"0","         method =factor(method, labels = labels_method))%>%"
"0","  ggplot(aes(x=method,"
"0","             y=mare,"
"0","             fill=km)) + "
"0","  geom_boxplot(alpha=1)+"
"0","  # geom_hline(aes(yintercept=yintercept, linetype=cutoff,linetype=""dashed"", color = ""red""), data=cutoff, show.legend =TRUE)+"
"0","  geom_hline(aes(yintercept=mean_noc, linetype=""Mean""), color = ""red"")+"
"0","  scale_linetype_manual(name = ""Raw Measurements"", values = c(2), "
"0","                      guide = guide_legend(override.aes = list(color = c(""red""))))+"
"0","  coord_cartesian(ylim = c(0.05,0.25))+"
"0","  scale_y_log10()+"
"0","  scale_fill_brewer(palette=""Pastel1"")+"
"0","  labs(x=""Method"","
"0","       y=""log(MARE)"")+ "
"0","  labs(fill = ""#Basis"")+#,title='log(Average MARE) of Simulated Data (Real Data Range)'"
"0","  theme(axis.text.x=element_text(color=""black"", size = label_size),"
"0","        axis.text.y=element_text(color=""black"", size = label_size),"
"0","        legend.text = element_text(size = text_size),"
"0","        text=element_text(size = text_size),"
"0","        strip.text = element_text(size = text_size),"
"0","        # legend.title = element_blank(),"
"0","        legend.position='bottom')+"
"0","  facet_wrap(~bm, nrow = 1)"
