"2","r error 4 (Error in eval(ele) : object 'figureheight' not found
)"
"0","Signal_Error%>%"
"0","  # filter(km==5,"
"0","  #        beta_t==10,"
"0","  #        # type=='patient',"
"0","  #        # num_p == 50,"
"0","  #        bm=='tp')%>%"
"0","  filter(beta_t==2,sensor_type==1)%>%"
"0","  mutate(num_p=as.factor(num_p),"
"0","         type = factor(type,labels = c('Patient-Wise','Electrode-Wise')),"
"0","         # bm = factor(bm,labels = c('P-splines','Thin Plate Regression Splines')),"
"0","         # km = as.factor(km),"
"0","         method =factor(method, labels = c(labels_method)))%>%"
"0","  ggplot(aes(x=method, #num_p"
"0","             y=mare,"
"0","             fill=type)) +  #method"
"0","  geom_boxplot(alpha=0.8)+"
"0","  # coord_cartesian(ylim = c(0.05,0.25))+"
"0","  scale_y_log10()+"
"0","  labs(x=""Number of Patients"","
"0","       y=""log(MARE)"")+ "
"0","    geom_hline(data = Base, aes(yintercept = med, linetype = num_p),color = 'red') +"
"0","  labs(linetype = ""Raw Measurement (Median)"") +"
"0","  # scale_linetype_manual(name = ""Raw"", values = c(4), "
"0","  #                     guide = guide_legend(override.aes = list(color = c(""red""))))+"
"0","  labs(fill = ""Method"")+#,title='log(Average MARE) of Simulated Data (Real Data Range)'"
"0","theme(axis.text.x=element_text(color=""black"", size = label_size),"
"0","        axis.text.y=element_text(color=""black"", size = label_size),"
"0","        legend.text = element_text(size = text_size),"
"0","        text=element_text(size = text_size),"
"0","        strip.text = element_text(size = text_size),"
"0","        # legend.title = element_blank(),"
"0","        legend.position='bottom')+"
"0","  scale_fill_brewer(palette=""Set2"")+"
"0","  facet_wrap(~num_p,nrow = 1)"
